current_district,current_year,current_chapter,prior_chapter,days_between,lookback_period_days,lookback_triggered
txsbk,2013,13,7,731,1460,True
txsbk,2012,13,7,80,1460,True
txsbk,2003,13,7,-123,1460,True
txsbk,2004,13,7,366,1460,True
txsbk,2012,13,7,133,1460,True
txsbk,2013,13,7,454,1460,True
txsbk,2014,13,7,594,1460,True
txsbk,2012,13,7,401,1460,True
txsbk,2013,13,7,643,1460,True
txsbk,2021,13,13,621,730,True
txsbk,2019,13,7,510,1460,True
txsbk,2017,13,7,1320,1460,True
flsbk,2002,13,7,151,1460,True
ksbk,2003,13,13,-260,730,True
txsbk,2005,13,13,166,730,True
txsbk,2006,13,7,1037,1460,True
txsbk,2004,13,7,188,1460,True
txsbk,2004,13,7,452,1460,True
txsbk,2005,13,7,489,1460,True
txsbk,2004,13,13,-676,730,True
txsbk,2006,13,7,224,1460,True
txsbk,2004,13,7,27,1460,True
txsbk,2006,13,7,201,1460,True
flsbk,2018,13,7,1135,1460,True
txsbk,2009,13,7,974,1460,True
txsbk,2006,13,7,464,1460,True
txsbk,2010,13,7,1013,1460,True
txsbk,2005,13,7,650,1460,True
txsbk,2005,13,13,-155,730,True
txsbk,2001,13,7,903,1460,True
txsbk,2012,13,13,231,730,True
txsbk,2001,13,7,888,1460,True
txsbk,2014,13,13,629,730,True
txsbk,2013,13,13,375,730,True
txsbk,2009,13,7,152,1460,True
txsbk,2009,13,7,1174,1460,True
txsbk,2017,13,13,421,730,True
txsbk,2014,13,7,76,1460,True
txsbk,2013,13,7,51,1460,True
txsbk,2013,13,13,181,730,True
txsbk,2019,13,7,111,1460,True
txsbk,2022,13,7,-27,1460,True
txsbk,2023,13,7,553,1460,True
ilnbk,1998,13,7,295,1460,True
ilnbk,2000,13,13,140,730,True
ilnbk,2001,13,7,1019,1460,True
ilnbk,1999,13,7,91,1460,True
mowbk,2002,13,7,970,1460,True
ilnbk,2001,13,7,618,1460,True
ilnbk,2000,13,7,314,1460,True
ilnbk,2000,13,7,200,1460,True
ilnbk,2001,13,7,333,1460,True
ilnbk,2001,13,7,426,1460,True
ilnbk,2001,13,7,188,1460,True
ilnbk,2001,13,7,451,1460,True
ilnbk,2002,13,7,704,1460,True
flsbk,2000,13,7,-21,1460,True
flsbk,2003,13,7,564,1460,True
mowbk,2004,13,13,-2096,730,True
ksbk,2004,13,7,55,1460,True
ksbk,2010,13,13,300,730,True
ksbk,2009,13,7,664,1460,True
ksbk,2009,13,7,1400,1460,True
ksbk,2006,13,13,527,730,True
ksbk,2006,13,7,1455,1460,True
ksbk,2009,13,13,321,730,True
ksbk,2009,13,7,552,1460,True
ksbk,2025,13,7,497,1460,True
ksbk,2011,13,7,1384,1460,True
ksbk,2009,13,7,1351,1460,True
ksbk,2007,13,13,433,730,True
ksbk,2016,13,13,666,730,True
ksbk,2014,13,7,396,1460,True
ksbk,2014,13,13,301,730,True
ksbk,2007,13,7,1392,1460,True
txsbk,2006,13,7,255,1460,True
txsbk,2007,13,7,430,1460,True
ksbk,2023,13,7,1366,1460,True
mowbk,2006,13,7,572,1460,True
mowbk,2007,13,7,937,1460,True
mowbk,2006,13,7,989,1460,True
mowbk,2003,13,7,109,1460,True
mowbk,2004,13,7,577,1460,True
mowbk,2009,13,7,1041,1460,True
mowbk,2008,13,7,791,1460,True
mowbk,2006,13,7,807,1460,True
mowbk,2005,13,7,345,1460,True
mowbk,2008,13,7,889,1460,True
mowbk,2008,13,7,1279,1460,True
mowbk,2005,13,7,1068,1460,True
mowbk,2005,13,13,-1089,730,True
mowbk,2008,13,13,-211,730,True
scbk,2019,13,13,-14,730,True
mowbk,2007,13,7,623,1460,True
mowbk,2006,13,7,601,1460,True
mowbk,2006,13,7,318,1460,True
mowbk,2018,13,13,715,730,True
mowbk,2008,13,7,832,1460,True
txsbk,2004,13,7,20,1460,True
txsbk,2005,13,7,169,1460,True
txsbk,2009,13,7,1328,1460,True
txsbk,2008,13,13,325,730,True
txsbk,2006,13,7,31,1460,True
txsbk,2003,13,13,-913,730,True
txsbk,2009,13,13,138,730,True
txsbk,2007,13,7,741,1460,True
txsbk,2005,13,13,-1872,730,True
txsbk,2009,13,7,756,1460,True
txsbk,2010,13,13,177,730,True
txsbk,2010,13,13,-8,730,True
txsbk,2010,13,13,120,730,True
txsbk,2010,13,13,343,730,True
txsbk,2006,13,7,845,1460,True
txsbk,2015,13,13,719,730,True
txsbk,2010,13,13,196,730,True
txsbk,2012,13,7,696,1460,True
txsbk,2003,13,7,610,1460,True
txsbk,2013,13,7,875,1460,True
txsbk,2004,13,7,781,1460,True
txsbk,2018,13,7,738,1460,True
txsbk,2019,13,7,1066,1460,True
txsbk,1995,13,7,104,1460,True
ilnbk,2009,13,13,-1574,730,True
wiebk,2011,13,7,373,1460,True
wiebk,2015,13,7,72,1460,True
ksbk,2015,13,13,21,730,True
mowbk,2021,13,7,1029,1460,True
mowbk,2025,13,7,758,1460,True
mowbk,2019,13,13,385,730,True
mowbk,2023,13,13,469,730,True
mowbk,2005,13,13,-167,730,True
mowbk,2012,13,7,162,1460,True
mowbk,2019,13,7,382,1460,True
ksbk,2024,13,7,498,1460,True
mowbk,2009,13,7,-929,1460,True
ksbk,2013,13,7,429,1460,True
ksbk,2015,13,7,1150,1460,True
mowbk,2016,13,7,1430,1460,True
ksbk,2003,13,7,134,1460,True
ksbk,2025,13,7,1160,1460,True
flsbk,2004,13,7,924,1460,True
ksbk,2016,13,7,1456,1460,True
ksbk,2023,13,13,718,730,True
ksbk,2003,13,7,-805,1460,True
mowbk,2010,13,7,1092,1460,True
mowbk,2011,13,7,959,1460,True
mowbk,2008,13,7,169,1460,True
mowbk,2013,13,7,1077,1460,True
mowbk,2018,13,13,164,730,True
mowbk,2008,13,7,1044,1460,True
mowbk,2013,13,13,136,730,True
mowbk,2015,13,13,623,730,True
mowbk,2009,13,13,304,730,True
mowbk,2017,13,13,369,730,True
mowbk,2012,13,7,1,1460,True
mowbk,2018,13,13,123,730,True
mowbk,2019,13,13,588,730,True
mowbk,2025,13,13,668,730,True
mowbk,2005,13,7,20,1460,True
ksbk,2024,13,7,1196,1460,True
txsbk,2008,13,13,105,730,True
txsbk,2003,13,13,-1471,730,True
flsbk,2001,13,7,-388,1460,True
flsbk,2003,13,7,207,1460,True
txsbk,2003,13,7,285,1460,True
txsbk,2011,13,7,1276,1460,True
txsbk,2008,13,13,414,730,True
ksbk,2007,13,7,868,1460,True
flmbk,2003,13,13,-219,730,True
txsbk,2004,13,13,291,730,True
txsbk,2005,13,13,-619,730,True
txsbk,2006,13,7,34,1460,True
txsbk,2008,13,7,762,1460,True
txsbk,2007,13,7,358,1460,True
txsbk,2008,13,7,75,1460,True
txsbk,2011,13,7,949,1460,True
txsbk,2012,13,7,1164,1460,True
txsbk,2009,13,13,615,730,True
txsbk,2015,13,13,492,730,True
txsbk,2015,13,13,228,730,True
txsbk,2013,13,7,1248,1460,True
txsbk,2011,13,7,250,1460,True
txsbk,2010,13,13,295,730,True
txsbk,2017,13,13,594,730,True
flsbk,2014,13,13,-770,730,True
txsbk,2017,13,13,237,730,True
txsbk,2016,13,13,-1151,730,True
txsbk,2016,13,7,936,1460,True
txsbk,2014,13,7,72,1460,True
txsbk,2013,13,7,90,1460,True
txsbk,2016,13,7,206,1460,True
njbk,2018,13,7,1220,1460,True
txsbk,2020,13,7,1246,1460,True
txsbk,2019,13,7,25,1460,True
ksbk,2020,13,13,484,730,True
ksbk,2025,13,13,146,730,True
ksbk,2022,13,13,350,730,True
ksbk,2019,13,7,190,1460,True
ksbk,2023,13,7,650,1460,True
ksbk,2019,13,7,1394,1460,True
ksbk,2023,13,13,723,730,True
mowbk,2016,13,13,713,730,True
mowbk,2016,13,7,881,1460,True
mowbk,2016,13,7,487,1460,True
mowbk,2024,13,13,693,730,True
mowbk,2019,13,7,600,1460,True
mowbk,2018,13,7,307,1460,True
ksbk,2017,13,7,763,1460,True
ksbk,2004,13,13,323,730,True
ksbk,2010,13,13,241,730,True
ksbk,2024,13,13,443,730,True
ksbk,2008,13,7,778,1460,True
ksbk,2011,13,13,120,730,True
ksbk,2012,13,13,349,730,True
ksbk,2010,13,7,1324,1460,True
ksbk,2013,13,13,244,730,True
ksbk,2019,13,13,91,730,True
ksbk,2020,13,13,634,730,True
ksbk,2007,13,7,1380,1460,True
ksbk,2015,13,13,78,730,True
ksbk,2008,13,13,271,730,True
ksbk,2011,13,13,127,730,True
ksbk,2010,13,7,731,1460,True
ksbk,2011,13,7,1198,1460,True
ksbk,2014,13,7,1091,1460,True
ksbk,2008,13,7,13,1460,True
ksbk,2012,13,7,1375,1460,True
ksbk,2015,13,13,637,730,True
ksbk,2020,13,13,301,730,True
ksbk,2009,13,7,434,1460,True
ksbk,2013,13,13,102,730,True
ksbk,2019,13,13,584,730,True
ksbk,2014,13,13,381,730,True
ksbk,2023,13,13,258,730,True
ksbk,2025,13,7,1377,1460,True
ksbk,2007,13,7,303,1460,True
ksbk,2011,13,13,573,730,True
ksbk,2016,13,13,92,730,True
ksbk,2019,13,13,92,730,True
ksbk,2016,13,13,12,730,True
ksbk,2016,13,13,170,730,True
ksbk,2024,13,13,444,730,True
ksbk,2016,13,7,1434,1460,True
ksbk,2016,13,13,197,730,True
ksbk,2019,13,7,426,1460,True
ksbk,2013,13,13,351,730,True
ksbk,2015,13,13,459,730,True
ksbk,2019,13,13,91,730,True
ksbk,2013,13,13,439,730,True
ksbk,2020,13,13,699,730,True
ksbk,2015,13,13,441,730,True
ksbk,2015,13,13,567,730,True
ksbk,2008,13,7,1441,1460,True
ksbk,2021,13,13,105,730,True
ksbk,2017,13,7,1127,1460,True
ksbk,2003,13,7,-96,1460,True
mowbk,2005,13,7,695,1460,True
ksbk,2023,13,13,53,730,True
ksbk,2025,13,13,690,730,True
ksbk,2023,13,13,24,730,True
ksbk,2026,13,13,95,730,True
mowbk,2022,13,13,195,730,True
ksbk,2023,13,13,241,730,True
txsbk,2020,13,13,-753,730,True
ksbk,2019,13,7,371,1460,True
ksbk,2024,13,13,617,730,True
ksbk,2021,13,7,929,1460,True
ksbk,2024,13,13,193,730,True
ksbk,2023,13,13,43,730,True
ksbk,2023,13,7,1037,1460,True
ksbk,2024,13,13,636,730,True
ksbk,2026,13,7,775,1460,True
mowbk,2005,13,7,972,1460,True
mowbk,2013,13,13,404,730,True
mowbk,2014,13,7,179,1460,True
ksbk,2025,13,7,1394,1460,True
ksbk,2025,13,7,1133,1460,True
ksbk,2025,13,7,1407,1460,True
ksbk,2022,13,7,1417,1460,True
txsbk,2024,13,7,278,1460,True
ksbk,2022,13,13,240,730,True
ksbk,2020,13,13,525,730,True
ksbk,2013,13,7,-523,1460,True
ksbk,2016,13,7,944,1460,True
ksbk,2023,13,13,644,730,True
ksbk,2024,13,7,1135,1460,True
ksbk,1998,13,7,35,1460,True
ksbk,2021,13,13,673,730,True
mowbk,2020,13,13,-650,730,True
mowbk,2014,13,7,442,1460,True
mowbk,2020,13,7,849,1460,True
mowbk,2016,13,7,189,1460,True
mowbk,2017,13,7,386,1460,True
mowbk,2021,13,7,1386,1460,True
mowbk,2018,13,13,-1082,730,True
mowbk,2019,13,7,301,1460,True
mowbk,2024,13,13,683,730,True
mowbk,2020,13,13,-1696,730,True
mowbk,2023,13,7,1168,1460,True
mowbk,2024,13,7,1427,1460,True
mowbk,2017,13,13,441,730,True
mowbk,2024,13,13,498,730,True
mowbk,2021,13,7,1049,1460,True
mowbk,2021,13,7,1049,1460,True
mowbk,2007,13,7,719,1460,True
mowbk,2005,13,7,429,1460,True
mowbk,2015,13,7,1421,1460,True
mowbk,2011,13,13,631,730,True
mowbk,2018,13,13,198,730,True
mowbk,2018,13,13,198,730,True
mowbk,2023,13,13,640,730,True
mowbk,2008,13,7,666,1460,True
mowbk,2014,13,13,415,730,True
mowbk,2011,13,7,672,1460,True
mowbk,2013,13,7,727,1460,True
mowbk,2018,13,13,91,730,True
mowbk,2024,13,13,167,730,True
mowbk,2025,13,7,857,1460,True
txsbk,2015,13,13,584,730,True
txsbk,2013,13,7,67,1460,True
txsbk,2020,13,7,1378,1460,True
txsbk,2016,13,7,636,1460,True
mowbk,2003,13,7,317,1460,True
mowbk,2009,13,7,1352,1460,True
mowbk,2025,13,7,1376,1460,True
mdbk,2015,13,7,77,1460,True
flsbk,2014,13,7,1289,1460,True
txsbk,2006,13,13,-760,730,True
flsbk,2003,13,7,1184,1460,True
flsbk,2011,13,7,1285,1460,True
ksbk,2005,13,7,37,1460,True
ksbk,2008,13,7,1031,1460,True
ksbk,2009,13,7,260,1460,True
ksbk,2009,13,7,67,1460,True
ksbk,2014,13,7,980,1460,True
ksbk,2021,13,7,345,1460,True
ksbk,2023,13,13,393,730,True
ksbk,2015,13,7,170,1460,True
ksbk,2023,13,7,1039,1460,True
mowbk,2013,13,7,812,1460,True
mowbk,2003,13,7,867,1460,True
ksbk,2016,13,13,626,730,True
ksbk,2013,13,7,517,1460,True
ksbk,2002,13,7,840,1460,True
ksbk,2023,13,13,223,730,True
ksbk,2018,13,13,471,730,True
ksbk,2021,13,13,696,730,True
ksbk,2004,13,13,413,730,True
ksbk,2005,13,7,781,1460,True
ksbk,2009,13,13,116,730,True
ksbk,2009,13,13,440,730,True
ksbk,2002,13,7,42,1460,True
ksbk,2004,13,7,767,1460,True
ksbk,2009,13,7,1318,1460,True
ksbk,2004,13,13,389,730,True
ksbk,2004,13,7,397,1460,True
ksbk,2011,13,13,616,730,True
ksbk,2005,13,7,942,1460,True
ksbk,2005,13,7,1258,1460,True
ksbk,2003,13,7,595,1460,True
ksbk,2005,13,7,1390,1460,True
ksbk,2011,13,13,162,730,True
ksbk,2005,13,7,1035,1460,True
ksbk,2017,13,7,99,1460,True
ksbk,2021,13,7,1319,1460,True
ksbk,2005,13,7,929,1460,True
ksbk,2010,13,13,198,730,True
ksbk,2019,13,13,272,730,True
ksbk,2011,13,13,-62,730,True
ksbk,2011,13,13,537,730,True
ksbk,2005,13,7,548,1460,True
ksbk,2011,13,13,149,730,True
ksbk,2021,13,7,823,1460,True
ksbk,2010,13,13,344,730,True
ksbk,2011,13,13,638,730,True
ksbk,2013,13,13,636,730,True
ksbk,2013,13,7,566,1460,True
ksbk,2016,13,13,167,730,True
ksbk,2011,13,13,284,730,True
ksbk,2023,13,13,574,730,True
ksbk,2013,13,13,191,730,True
ksbk,2012,13,7,1003,1460,True
ksbk,2007,13,13,134,730,True
ksbk,2013,13,13,184,730,True
ksbk,2007,13,13,101,730,True
ksbk,2014,13,13,296,730,True
ksbk,2007,13,13,612,730,True
ksbk,2008,13,13,455,730,True
ksbk,2015,13,13,501,730,True
ksbk,2017,13,7,1399,1460,True
ksbk,2008,13,7,325,1460,True
ksbk,2008,13,7,1120,1460,True
ksbk,2017,13,13,720,730,True
ksbk,2015,13,13,212,730,True
ksbk,2009,13,7,902,1460,True
ksbk,2013,13,7,1032,1460,True
ksbk,2002,13,7,99,1460,True
ksbk,2017,13,7,1282,1460,True
ksbk,2021,13,13,129,730,True
ksbk,2009,13,13,286,730,True
ksbk,2022,13,13,207,730,True
ksbk,2015,13,7,169,1460,True
ksbk,2019,13,13,219,730,True
ksbk,2024,13,13,92,730,True
ksbk,2015,13,7,582,1460,True
ksbk,2024,13,13,-8,730,True
ksbk,2015,13,13,86,730,True
ksbk,2021,13,13,75,730,True
ksbk,2011,13,7,1269,1460,True
ksbk,2015,13,7,1450,1460,True
ksbk,2018,13,7,1041,1460,True
ksbk,2018,13,7,715,1460,True
ksbk,2019,13,7,1282,1460,True
ksbk,2016,13,13,451,730,True
ksbk,2014,13,13,-25,730,True
ksbk,2017,13,13,689,730,True
ksbk,2012,13,13,627,730,True
ksbk,2019,13,7,1159,1460,True
ksbk,2017,13,13,627,730,True
ksbk,2012,13,13,546,730,True
ksbk,2019,13,13,580,730,True
ksbk,2017,13,7,853,1460,True
ksbk,2021,13,13,180,730,True
ksbk,2017,13,13,48,730,True
ksbk,2025,13,7,1028,1460,True
ksbk,2017,13,13,110,730,True
ksbk,2017,13,13,78,730,True
ksbk,2019,13,7,772,1460,True
ksbk,2018,13,13,269,730,True
ksbk,2016,13,7,339,1460,True
ksbk,2014,13,13,352,730,True
ksbk,2019,13,13,693,730,True
ksbk,2019,13,13,537,730,True
ksbk,2020,13,13,185,730,True
ksbk,2000,13,7,5,1460,True
ksbk,2024,13,7,1359,1460,True
ksbk,2021,13,13,145,730,True
ksbk,2019,13,13,384,730,True
ksbk,2020,13,13,512,730,True
ksbk,2020,13,7,652,1460,True
ksbk,2021,13,13,144,730,True
ksbk,2021,13,13,-4,730,True
ksbk,2021,13,13,301,730,True
ksbk,2021,13,13,223,730,True
ksbk,2017,13,13,157,730,True
ksbk,2025,13,13,265,730,True
ksbk,2025,13,13,684,730,True
ksbk,2023,13,13,403,730,True
ksbk,2003,13,7,388,1460,True
ksbk,2022,13,13,-22,730,True
ksbk,2003,13,7,535,1460,True
ksbk,2024,13,13,96,730,True
ksbk,2022,13,13,30,730,True
insbk,2024,13,13,222,730,True
ksbk,2024,13,13,663,730,True
ksbk,2022,13,13,405,730,True
ksbk,2022,13,13,134,730,True
ksbk,2024,13,13,112,730,True
ksbk,2025,13,7,742,1460,True
ksbk,2022,13,13,642,730,True
ksbk,2025,13,13,294,730,True
ksbk,2025,13,13,407,730,True
ksbk,2022,13,7,1205,1460,True
ksbk,2010,13,7,1386,1460,True
mowbk,2024,13,7,1278,1460,True
mowbk,2018,13,13,406,730,True
mowbk,2012,13,7,778,1460,True
mowbk,2018,13,7,1457,1460,True
mowbk,2019,13,7,175,1460,True
mowbk,2019,13,7,175,1460,True
txsbk,2003,13,13,351,730,True
txsbk,2004,13,13,269,730,True
txsbk,2002,13,13,172,730,True
txsbk,2003,13,13,277,730,True
txsbk,2004,13,13,550,730,True
txsbk,2003,13,13,178,730,True
flsbk,2003,13,7,803,1460,True
txsbk,2005,13,13,614,730,True
txsbk,2003,13,7,1078,1460,True
txsbk,2003,13,13,602,730,True
txsbk,2002,13,13,-746,730,True
txsbk,2002,13,7,-539,1460,True
txsbk,2003,13,13,-940,730,True
flsbk,2004,13,13,-340,730,True
txsbk,2006,13,13,-7,730,True
txsbk,2005,13,13,-1394,730,True
txsbk,2004,13,13,-1886,730,True
txsbk,2004,13,7,744,1460,True
txsbk,2004,13,7,680,1460,True
txsbk,2004,13,7,798,1460,True
txsbk,2004,13,7,466,1460,True
txsbk,2004,13,7,683,1460,True
txsbk,2004,13,7,130,1460,True
txsbk,2004,13,7,711,1460,True
txsbk,2005,13,7,629,1460,True
txsbk,2005,13,13,-310,730,True
txsbk,2005,13,13,-479,730,True
txsbk,2018,13,13,51,730,True
txsbk,2022,13,7,852,1460,True
tnwbk,2006,13,7,1299,1460,True
txsbk,2022,13,13,657,730,True
txsbk,2025,13,13,387,730,True
mowbk,2020,13,13,-1884,730,True
mowbk,2025,13,13,625,730,True
mowbk,2010,13,7,379,1460,True
ncebk,2017,13,7,1153,1460,True
mowbk,2016,13,7,1393,1460,True
mowbk,2016,13,7,1393,1460,True
mowbk,2015,13,13,728,730,True
mowbk,2008,13,7,750,1460,True
txsbk,2025,13,7,1378,1460,True
ganbk,1998,13,7,-11,1460,True
ilnbk,1999,13,7,-28,1460,True
ilnbk,1999,13,7,41,1460,True
flsbk,2002,13,7,1157,1460,True
ksbk,2015,13,7,102,1460,True
ksbk,2016,13,7,24,1460,True
ksbk,2017,13,7,79,1460,True
ksbk,2019,13,13,478,730,True
mowbk,2006,13,7,1138,1460,True
mowbk,2006,13,7,783,1460,True
mowbk,2015,13,7,390,1460,True
mowbk,2012,13,13,656,730,True
mowbk,2017,13,13,713,730,True
ksbk,2018,13,13,-980,730,True
ksbk,2006,13,13,312,730,True
ksbk,2001,13,7,223,1460,True
ksbk,2005,13,7,49,1460,True
ksbk,2011,13,13,325,730,True
ksbk,2009,13,7,1307,1460,True
ksbk,2002,13,7,727,1460,True
ksbk,2006,13,13,91,730,True
ksbk,2007,13,7,1176,1460,True
ksbk,2002,13,13,623,730,True
ksbk,2015,13,13,508,730,True
ksbk,2016,13,13,356,730,True
ksbk,2016,13,13,231,730,True
ksbk,2016,13,13,261,730,True
ksbk,2016,13,13,64,730,True
ksbk,2019,13,13,538,730,True
ksbk,2018,13,13,7,730,True
ksbk,2018,13,13,331,730,True
ksbk,2019,13,13,175,730,True
ksbk,2023,13,13,350,730,True
ksbk,2025,13,13,85,730,True
ksbk,2018,13,13,14,730,True
ksbk,2019,13,13,257,730,True
ksbk,2020,13,13,11,730,True
ksbk,2001,13,13,234,730,True
ksbk,2003,13,13,142,730,True
ksbk,2008,13,13,405,730,True
ksbk,2003,13,7,1249,1460,True
ksbk,2013,13,13,574,730,True
ksbk,2010,13,7,416,1460,True
mowbk,2018,13,13,655,730,True
mowbk,2006,13,7,1119,1460,True
mowbk,2014,13,13,334,730,True
mowbk,2011,13,7,1297,1460,True
mowbk,2016,13,7,547,1460,True
ksbk,2014,13,7,293,1460,True
ksbk,2017,13,7,1386,1460,True
ksbk,2000,13,7,903,1460,True
ksbk,1999,13,7,301,1460,True
ksbk,2004,13,13,351,730,True
ksbk,2005,13,13,644,730,True
ksbk,2004,13,7,1245,1460,True
ksbk,2005,13,7,1162,1460,True
ksbk,2011,13,13,-104,730,True
ksbk,2007,13,7,1415,1460,True
ksbk,2013,13,13,66,730,True
ksbk,2012,13,13,88,730,True
ksbk,2015,13,13,9,730,True
ksbk,2019,13,13,17,730,True
ksbk,2023,13,13,594,730,True
ksbk,2019,13,13,318,730,True
ksbk,2025,13,13,148,730,True
ksbk,2019,13,13,146,730,True
ilnbk,2018,13,13,-482,730,True
ksbk,2020,13,13,88,730,True
ksbk,2001,13,13,245,730,True
ksbk,2003,13,7,27,1460,True
ksbk,2017,13,13,-370,730,True
ksbk,2002,13,7,1126,1460,True
ksbk,1998,13,7,260,1460,True
ksbk,1998,13,7,310,1460,True
ksbk,2000,13,7,21,1460,True
ksbk,2000,13,13,-35,730,True
ksbk,2003,13,13,200,730,True
ksbk,1999,13,7,6,1460,True
ksbk,2024,13,13,118,730,True
ksbk,2023,13,13,29,730,True
ksbk,2022,13,13,554,730,True
mowbk,2004,13,7,1298,1460,True
ksbk,2020,13,13,124,730,True
ksbk,2017,13,7,1390,1460,True
mowbk,2018,13,13,-827,730,True
mowbk,2015,13,13,324,730,True
mowbk,2014,13,13,168,730,True
mowbk,2015,13,13,442,730,True
mowbk,2012,13,7,705,1460,True
mowbk,2014,13,7,1436,1460,True
mowbk,2011,13,13,10,730,True
mowbk,2017,13,13,183,730,True
mowbk,2020,13,13,533,730,True
mowbk,2023,13,13,148,730,True
ksbk,2010,13,13,156,730,True
ksbk,2007,13,7,1377,1460,True
ksbk,2015,13,13,553,730,True
ksbk,2015,13,7,387,1460,True
ksbk,2005,13,7,773,1460,True
mowbk,2005,13,7,1009,1460,True
ksbk,2001,13,7,840,1460,True
ksbk,2018,13,13,389,730,True
mowbk,2003,13,7,138,1460,True
mowbk,2006,13,7,1174,1460,True
mowbk,2006,13,7,888,1460,True
mowbk,2007,13,7,1418,1460,True
mowbk,2004,13,7,60,1460,True
mowbk,2007,13,7,1126,1460,True
mowbk,2001,13,13,581,730,True
mowbk,2010,13,13,520,730,True
mowbk,2010,13,13,653,730,True
mowbk,2005,13,7,15,1460,True
mowbk,2007,13,7,993,1460,True
mowbk,2007,13,7,778,1460,True
mowbk,2004,13,7,1008,1460,True
mowbk,2006,13,7,191,1460,True
mowbk,2006,13,7,322,1460,True
mowbk,2007,13,7,545,1460,True
mowbk,2006,13,7,228,1460,True
mowbk,2007,13,7,610,1460,True
mowbk,2005,13,7,252,1460,True
mowbk,2007,13,7,259,1460,True
mowbk,2012,13,13,666,730,True
mowbk,2007,13,7,121,1460,True
ksbk,2001,13,7,246,1460,True
ksbk,2001,13,7,91,1460,True
mowbk,2009,13,7,1379,1460,True
mowbk,2011,13,13,671,730,True
scbk,2015,13,7,952,1460,True
txsbk,2019,13,7,1204,1460,True
txsbk,2024,13,7,919,1460,True
txsbk,2023,13,7,47,1460,True
mowbk,2020,13,13,-1069,730,True
mowbk,2020,13,13,-1069,730,True
txsbk,2022,13,13,-871,730,True
mowbk,2018,13,13,-1672,730,True
mowbk,2022,13,13,581,730,True
mowbk,2021,13,7,1350,1460,True
mowbk,2025,13,13,523,730,True
ksbk,2010,13,7,1057,1460,True
ksbk,2004,13,13,105,730,True
flsbk,2001,13,7,-98,1460,True
ksbk,2014,13,7,247,1460,True
mowbk,2001,13,13,-1247,730,True
moebk,2004,13,13,2,730,True
moebk,2003,13,13,-1413,730,True
moebk,2004,13,7,83,1460,True
mowbk,2015,13,7,205,1460,True
mowbk,2015,13,7,34,1460,True
mowbk,2003,13,7,41,1460,True
txsbk,2005,13,13,-20,730,True
txsbk,2006,13,7,769,1460,True
txsbk,2013,13,13,79,730,True
txnbk,2012,13,7,784,1460,True
txsbk,2013,13,7,545,1460,True
txsbk,2014,13,7,937,1460,True
txsbk,2010,13,13,704,730,True
txsbk,2017,13,13,78,730,True
txsbk,2020,13,13,409,730,True
txsbk,2017,13,13,104,730,True
flsbk,2019,13,13,670,730,True
txsbk,2019,13,13,10,730,True
txsbk,2016,13,7,13,1460,True
txsbk,2019,13,7,1047,1460,True
txsbk,2021,13,7,1436,1460,True
flsbk,2013,13,13,-803,730,True
txsbk,2024,13,7,1389,1460,True
mowbk,2008,13,7,768,1460,True
mowbk,2020,13,13,533,730,True
ksbk,2004,13,7,16,1460,True
ksbk,2011,13,13,671,730,True
ksbk,2008,13,13,605,730,True
ksbk,2005,13,7,396,1460,True
ksbk,2003,13,7,462,1460,True
ksbk,2005,13,7,1083,1460,True
wiebk,2007,13,7,424,1460,True
ksbk,2005,13,7,1430,1460,True
ksbk,2008,13,7,9,1460,True
ksbk,2009,13,7,264,1460,True
ksbk,2012,13,7,519,1460,True
ksbk,2023,13,7,1414,1460,True
ksbk,2013,13,7,19,1460,True
ksbk,2003,13,7,561,1460,True
ksbk,2002,13,7,15,1460,True
ksbk,2023,13,13,114,730,True
ksbk,2017,13,7,1030,1460,True
ksbk,2002,13,7,-1,1460,True
ksbk,2004,13,7,-10,1460,True
ksbk,2004,13,7,150,1460,True
ksbk,2000,13,7,45,1460,True
flsbk,2021,13,7,158,1460,True
mowbk,2003,13,7,1335,1460,True
mowbk,2003,13,7,122,1460,True
mowbk,2004,13,7,6,1460,True
mowbk,2001,13,7,95,1460,True
mowbk,2001,13,7,102,1460,True
mowbk,2007,13,7,1162,1460,True
mowbk,2007,13,7,1112,1460,True
mowbk,2005,13,7,1274,1460,True
mowbk,2005,13,7,804,1460,True
mowbk,2005,13,7,1434,1460,True
mowbk,2007,13,7,43,1460,True
mowbk,2007,13,7,69,1460,True
mowbk,2007,13,7,135,1460,True
mowbk,2011,13,7,833,1460,True
mowbk,2015,13,13,558,730,True
mowbk,2013,13,7,702,1460,True
mowbk,2013,13,7,583,1460,True
mowbk,2019,13,7,1365,1460,True
mowbk,2016,13,7,35,1460,True
mowbk,2023,13,13,636,730,True
mowbk,1999,13,7,117,1460,True
mowbk,2003,13,7,1322,1460,True
mowbk,1999,13,7,12,1460,True
mowbk,2001,13,7,526,1460,True
mowbk,2002,13,7,250,1460,True
mowbk,2023,13,7,1429,1460,True
flsbk,2001,13,7,842,1460,True
cacbk,2013,13,7,1385,1460,True
cacbk,2015,13,7,1125,1460,True
cacbk,2016,13,7,1072,1460,True
cacbk,2013,13,7,63,1460,True
cacbk,2016,13,7,854,1460,True
cacbk,2018,13,7,1389,1460,True
flsbk,2008,13,13,-273,730,True
cacbk,2020,13,7,819,1460,True
cacbk,2019,13,7,157,1460,True
ksbk,2011,13,13,234,730,True
ksbk,2005,13,7,978,1460,True
ksbk,2011,13,13,189,730,True
ksbk,2008,13,13,460,730,True
ksbk,2016,13,13,394,730,True
mowbk,2003,13,7,727,1460,True
ksbk,2005,13,7,118,1460,True
ksbk,2004,13,7,16,1460,True
ksbk,2005,13,7,70,1460,True
ksbk,2007,13,7,1333,1460,True
ksbk,2008,13,13,272,730,True
ksbk,2004,13,7,106,1460,True
ksbk,2003,13,7,91,1460,True
mowbk,2005,13,7,74,1460,True
mowbk,2005,13,7,277,1460,True
mowbk,2004,13,7,40,1460,True
mowbk,2005,13,7,42,1460,True
mowbk,2004,13,7,8,1460,True
mowbk,2007,13,7,-88,1460,True
mowbk,2022,13,7,1359,1460,True
flsbk,2002,13,7,1,1460,True
flsbk,2025,13,7,147,1460,True
flsbk,2021,13,7,1097,1460,True
flsbk,2001,13,7,105,1460,True
flsbk,2005,13,13,-368,730,True
flsbk,2003,13,7,596,1460,True
nyebk,2005,13,13,75,730,True
flsbk,2003,13,7,213,1460,True
flsbk,2001,13,7,1012,1460,True
flsbk,2001,13,7,-619,1460,True
flsbk,2002,13,7,85,1460,True
flsbk,2002,13,13,-1247,730,True
flsbk,2002,13,7,1,1460,True
flsbk,2002,13,13,-1801,730,True
flsbk,2003,13,13,-1672,730,True
flsbk,2002,13,7,-13,1460,True
flsbk,2002,13,7,239,1460,True
flsbk,2003,13,7,1184,1460,True
flsbk,2003,13,7,-24,1460,True
flsbk,2003,13,7,589,1460,True
flmbk,2002,13,7,-29,1460,True
flsbk,2003,13,7,23,1460,True
ohnbk,1994,13,13,-56,730,True
ohnbk,2002,13,7,125,1460,True
ohnbk,1993,13,13,-1415,730,True
njbk,2024,13,7,794,1460,True
cacbk,2002,13,7,131,1460,True
cacbk,2003,13,7,355,1460,True
ganbk,2014,13,7,15,1460,True
ganbk,2011,13,7,106,1460,True
ilnbk,2018,13,13,-1490,730,True
ilnbk,2024,13,7,405,1460,True
ilnbk,2020,13,13,-1867,730,True
kyebk,2020,13,13,-2002,730,True
kyebk,2019,13,13,-2124,730,True
njbk,2024,13,13,-325,730,True
innbk,2012,13,13,-1905,730,True
innbk,2012,13,13,-2257,730,True
innbk,2023,13,7,787,1460,True
insbk,2012,13,13,-1948,730,True
insbk,2012,13,13,-2116,730,True
insbk,2020,13,13,-1891,730,True
insbk,2020,13,13,-1871,730,True
flmbk,2013,13,11,-1990,1460,True
flmbk,2003,13,7,25,1460,True
flmbk,2019,13,7,-95,1460,True
flsbk,2001,13,13,-1198,730,True
flsbk,2001,13,7,106,1460,True
flsbk,2005,13,13,94,730,True
flsbk,2002,13,7,75,1460,True
flsbk,2002,13,7,-7,1460,True
flsbk,2001,13,7,92,1460,True
flsbk,2002,13,7,36,1460,True
flsbk,2002,13,7,103,1460,True
flsbk,2002,13,13,14,730,True
flsbk,2002,13,7,13,1460,True
flsbk,2002,13,7,38,1460,True
flsbk,2002,13,13,115,730,True
flsbk,2003,13,7,45,1460,True
flsbk,2003,13,7,48,1460,True
flsbk,2001,13,7,122,1460,True
flsbk,2003,13,7,567,1460,True
flsbk,2003,13,7,37,1460,True
flsbk,2003,13,7,445,1460,True
flsbk,2004,13,7,128,1460,True
flsbk,2007,13,7,1456,1460,True
flsbk,2006,13,7,1178,1460,True
flsbk,2023,13,13,371,730,True
flsbk,2013,13,7,588,1460,True
flsbk,2015,13,7,1232,1460,True
njbk,2019,13,7,1006,1460,True
flsbk,2013,13,7,1146,1460,True
flsbk,2012,13,7,47,1460,True
flsbk,2013,13,7,304,1460,True
flsbk,2014,13,7,418,1460,True
flsbk,2014,13,7,402,1460,True
flsbk,2015,13,7,614,1460,True
flsbk,2014,13,7,131,1460,True
flsbk,2014,13,7,131,1460,True
flsbk,2016,13,7,951,1460,True
flsbk,2014,13,7,881,1460,True
flsbk,2015,13,7,136,1460,True
flsbk,2015,13,7,414,1460,True
flsbk,2018,13,7,312,1460,True
flsbk,2015,13,7,707,1460,True
flsbk,2014,13,7,64,1460,True
flsbk,2002,13,7,3,1460,True
flsbk,2016,13,7,-12,1460,True
flsbk,2025,13,13,223,730,True
flsbk,2002,13,7,1435,1460,True
flsbk,2015,13,7,244,1460,True
flsbk,2019,13,13,-938,730,True
flsbk,2002,13,7,108,1460,True
flsbk,2002,13,7,20,1460,True
flsbk,2001,13,7,210,1460,True
flsbk,2002,13,7,13,1460,True
flsbk,2002,13,7,36,1460,True
flsbk,2002,13,7,25,1460,True
flsbk,2002,13,7,294,1460,True
flsbk,2003,13,7,59,1460,True
flsbk,2002,13,7,338,1460,True
flsbk,2002,13,7,294,1460,True
flsbk,2002,13,7,77,1460,True
flsbk,2002,13,7,1,1460,True
flsbk,2003,13,7,192,1460,True
flsbk,2004,13,7,923,1460,True
flsbk,2003,13,7,128,1460,True
flsbk,2002,13,7,133,1460,True
flsbk,2002,13,7,46,1460,True
nyebk,2004,13,7,362,1460,True
flsbk,2003,13,7,508,1460,True
flsbk,2002,13,7,44,1460,True
flsbk,2001,13,7,67,1460,True
flsbk,2002,13,7,120,1460,True
flsbk,2003,13,7,59,1460,True
flsbk,2002,13,7,39,1460,True
flsbk,2002,13,7,44,1460,True
flsbk,2003,13,7,443,1460,True
flsbk,2002,13,7,72,1460,True
flsbk,2002,13,7,222,1460,True
flsbk,2002,13,7,59,1460,True
flsbk,2003,13,7,5,1460,True
flsbk,2003,13,7,69,1460,True
flsbk,2003,13,7,56,1460,True
flsbk,2003,13,7,25,1460,True
flsbk,2003,13,7,85,1460,True
flsbk,2002,13,7,5,1460,True
flsbk,2003,13,7,61,1460,True
flsbk,2003,13,7,3,1460,True
flsbk,2003,13,7,1,1460,True
flsbk,2002,13,7,21,1460,True
flsbk,2003,13,7,6,1460,True
flsbk,2003,13,7,3,1460,True
flsbk,2003,13,7,271,1460,True
flsbk,2004,13,7,181,1460,True
flsbk,2003,13,7,25,1460,True
flsbk,2004,13,7,13,1460,True
flsbk,2004,13,7,89,1460,True
flsbk,2004,13,7,42,1460,True
flsbk,2006,13,7,628,1460,True
flsbk,2015,13,13,85,730,True
flsbk,2017,13,13,61,730,True
flsbk,2018,13,13,4,730,True
flsbk,2018,13,7,1162,1460,True
flsbk,2023,13,13,-28,730,True
flmbk,2007,13,13,376,730,True
flsbk,1996,13,7,247,1460,True
flsbk,1995,13,7,51,1460,True
flsbk,1997,13,7,241,1460,True
ctbk,1993,13,7,84,1460,True
ctbk,1994,13,7,285,1460,True
flsbk,2002,13,13,-1156,730,True
flsbk,2007,13,13,389,730,True
flsbk,2001,13,7,8,1460,True
flsbk,2003,13,7,1,1460,True
flsbk,2003,13,7,80,1460,True
flsbk,2005,13,7,753,1460,True
flsbk,2006,13,13,627,730,True
flsbk,2006,13,7,50,1460,True
flsbk,2007,13,7,57,1460,True
flsbk,2009,13,7,48,1460,True
flsbk,2000,13,7,5,1460,True
flsbk,2023,13,7,59,1460,True
flsbk,2024,13,7,305,1460,True
flsbk,2025,13,11,717,1460,True
flsbk,2003,13,7,242,1460,True
ohsbk,2012,13,7,988,1460,True
flsbk,2016,13,13,484,730,True
flsbk,2015,13,7,974,1460,True
flsbk,2019,13,13,190,730,True
flsbk,2013,13,7,116,1460,True
flsbk,2014,13,7,564,1460,True
flsbk,2021,13,13,561,730,True
flsbk,2025,13,13,56,730,True
flsbk,2013,13,7,84,1460,True
flsbk,2014,13,7,116,1460,True
flmbk,2014,13,7,946,1460,True
insbk,1993,13,7,1274,1460,True
flsbk,2007,13,13,519,730,True
flsbk,1994,13,7,933,1460,True
flsbk,1993,13,7,382,1460,True
flsbk,2000,13,7,89,1460,True
flsbk,2015,13,7,216,1460,True
flsbk,2016,13,7,311,1460,True
flsbk,2016,13,7,-400,1460,True
miebk,2018,13,13,-2111,730,True
flsbk,2000,13,7,238,1460,True
flsbk,2021,13,7,-214,1460,True
wiebk,2007,13,7,142,1460,True
tnwbk,2004,13,13,-1395,730,True
tnwbk,2014,13,13,84,730,True
tnwbk,2010,13,7,1356,1460,True
tnwbk,2015,13,13,591,730,True
tnwbk,2010,13,7,327,1460,True
tnwbk,2019,13,7,1228,1460,True
flsbk,2000,13,7,119,1460,True
flsbk,2000,13,7,48,1460,True
flsbk,2003,13,7,1055,1460,True
flsbk,1995,13,7,18,1460,True
flsbk,2001,13,7,53,1460,True
flsbk,2001,13,7,16,1460,True
flsbk,2001,13,7,4,1460,True
flsbk,2002,13,7,34,1460,True
flsbk,2002,13,7,7,1460,True
flsbk,2002,13,7,31,1460,True
flsbk,2003,13,7,394,1460,True
flsbk,2003,13,7,150,1460,True
flsbk,2002,13,7,-6,1460,True
flsbk,2002,13,7,16,1460,True
flsbk,2003,13,7,91,1460,True
flsbk,1998,13,7,75,1460,True
flsbk,2003,13,7,17,1460,True
flsbk,1994,13,7,12,1460,True
flsbk,1994,13,7,76,1460,True
flsbk,1995,13,7,84,1460,True
flsbk,1995,13,7,161,1460,True
flsbk,1995,13,7,65,1460,True
flsbk,1997,13,7,841,1460,True
flsbk,1994,13,7,29,1460,True
flsbk,1994,13,7,168,1460,True
flsbk,1996,13,7,836,1460,True
flsbk,1995,13,7,-6,1460,True
flsbk,1995,13,7,25,1460,True
flsbk,1995,13,7,19,1460,True
flsbk,1995,13,7,23,1460,True
flsbk,1996,13,7,154,1460,True
flsbk,1996,13,7,13,1460,True
flsbk,1997,13,7,426,1460,True
flsbk,1997,13,7,141,1460,True
flsbk,1997,13,7,75,1460,True
flsbk,1999,13,7,99,1460,True
flsbk,1998,13,7,10,1460,True
flsbk,1997,13,7,86,1460,True
flsbk,1998,13,7,33,1460,True
flsbk,1998,13,7,42,1460,True
flsbk,1998,13,7,11,1460,True
flsbk,1999,13,7,55,1460,True
flsbk,1999,13,7,69,1460,True
flsbk,2009,13,7,239,1460,True
flsbk,2009,13,13,145,730,True
flsbk,2014,13,13,90,730,True
flsbk,2014,13,7,790,1460,True
flsbk,2018,13,13,527,730,True
flsbk,2018,13,7,1181,1460,True
flsbk,2024,13,7,1440,1460,True
njbk,2025,13,7,185,1460,True
flsbk,2018,13,7,1178,1460,True
flsbk,2020,13,7,673,1460,True
flsbk,2023,13,7,29,1460,True
flmbk,2023,13,7,-202,1460,True
ncmbk,2025,13,7,9,1460,True
flsbk,2014,13,13,252,730,True
flsbk,2014,13,7,101,1460,True
flsbk,2015,13,7,68,1460,True
flsbk,2018,13,7,1225,1460,True
flsbk,2018,13,7,1006,1460,True
flsbk,2018,13,7,14,1460,True
flsbk,2017,13,11,345,1460,True
ohnbk,2024,13,7,487,1460,True
ohnbk,2025,13,7,830,1460,True
